"item1","item2","correlation"
"new","great",0.437322204098702
"great","new",0.437322204098702
"come","people",0.42612164952794
"people","come",0.42612164952794
"other","life",0.406417664035542
"life","other",0.406417664035542
"be","other",0.406417664035542
"other","be",0.406417664035542
"nation","people",0.400924545025766
"people","nation",0.400924545025766
"new","people",0.399415745683432
"people","new",0.399415745683432
"know","nation",0.39727607885233
"nation","know",0.39727607885233
"change","make",0.394039964597919
"make","change",0.394039964597919
"own","nation",0.391424067057231
"nation","own",0.391424067057231
"change","today",0.387406837489107
"change","new",0.387406837489107
"today","change",0.387406837489107
"new","change",0.387406837489107
"citizen","fellow",0.373482386460936
"fellow","citizen",0.373482386460936
"change","people",0.359809632254252
"people","change",0.359809632254252
"change","history",0.350814751100728
"history","change",0.350814751100728
"citizen","change",0.350746268656716
"change","citizen",0.350746268656716
"land","people",0.347771027437685
"people","land",0.347771027437685
"change","know",0.342074444197655
"know","change",0.342074444197655
"government","nation",0.331680393664285
"nation","government",0.331680393664285
"be","life",0.330769230769231
"life","be",0.330769230769231
"promise","have",0.317101248394372
"have","promise",0.317101248394372
"man","own",0.313531953633668
"own","man",0.313531953633668
"know","people",0.3123663847732
"people","know",0.3123663847732
"man","generation",0.310852681558495
"generation","man",0.310852681558495
"life","power",0.310633319493621
"be","power",0.310633319493621
"power","life",0.310633319493621
"power","be",0.310633319493621
"have","come",0.310493911606105
"come","have",0.310493911606105
"new","american",0.305478328327688
"american","new",0.305478328327688
"land","today",0.305096458393383
"land","new",0.305096458393383
"freedom","new",0.305096458393383
"today","land",0.305096458393383
"new","land",0.305096458393383
"new","freedom",0.305096458393383
"change","nation",0.304799786243289
"nation","change",0.304799786243289
"do","way",0.302480836933595
"way","do",0.302480836933595
"world","make",0.30171835548068
"make","world",0.30171835548068
"change","great",0.299762599536712
"great","change",0.299762599536712
"world","today",0.297429285798689
"today","world",0.297429285798689
"american","history",0.296182013576517
"history","american",0.296182013576517
"land","american",0.296182013576517
"american","land",0.296182013576517
"citizen","day",0.291929210348399
"change","american",0.291929210348399
"american","change",0.291929210348399
"day","citizen",0.291929210348399
"great","day",0.291896819007987
"day","great",0.291896819007987
"be","way",0.290390328733922
"way","be",0.290390328733922
"freedom","people",0.289697938402985
"government","people",0.289697938402985
"people","freedom",0.289697938402985
"people","government",0.289697938402985
"great","people",0.28909965183359
"people","great",0.28909965183359
"citizen","promise",0.285820895522388
"promise","citizen",0.285820895522388
"nation","century",0.283403318102422
"century","nation",0.283403318102422
"promise","know",0.28302587942544
"citizen","know",0.28302587942544
"know","promise",0.28302587942544
"know","citizen",0.28302587942544
"time","people",0.282670216108641
"people","time",0.282670216108641
"land","promise",0.281918851900359
"freedom","promise",0.281918851900359
"promise","land",0.281918851900359
"promise","freedom",0.281918851900359
"work","know",0.27907021398171
"know","work",0.27907021398171
"man","today",0.277698990679516
"be","new",0.277698990679516
"man","new",0.277698990679516
"new","be",0.277698990679516
"today","man",0.277698990679516
"new","man",0.277698990679516
"today","challenge",0.276099517117329
"challenge","today",0.276099517117329
"promise","new",0.27598735034348
"citizen","let",0.27598735034348
"new","promise",0.27598735034348
"let","citizen",0.27598735034348
"time","much",0.275854634220234
"much","time",0.275854634220234
"change","good",0.273991009351405
"good","change",0.273991009351405
"work","way",0.271729780110286
"way","work",0.271729780110286
"know","way",0.270715373378447
"way","know",0.270715373378447
"century","people",0.26947693047612
"american","people",0.26947693047612
"generation","people",0.26947693047612
"people","century",0.26947693047612
"people","american",0.26947693047612
"people","generation",0.26947693047612
"freedom","history",0.26890756302521
"freedom","land",0.26890756302521
"history","freedom",0.26890756302521
"land","freedom",0.26890756302521
"have","people",0.265533401944687
"people","have",0.265533401944687
"land","make",0.263963940139119
"make","land",0.263963940139119
"change","time",0.263070791840665
"promise","time",0.263070791840665
"time","change",0.263070791840665
"time","promise",0.263070791840665
"citizen","way",0.260451030611792
"way","citizen",0.260451030611792
"new","know",0.260324067785943
"let","know",0.260324067785943
"know","new",0.260324067785943
"know","let",0.260324067785943
"work","do",0.259260367552929
"do","work",0.259260367552929
"stand","year",0.257525009255184
"year","stand",0.257525009255184
"way","people",0.256779830742247
"people","way",0.256779830742247
"citizen","have",0.256734052310542
"have","citizen",0.256734052310542
"freedom","world",0.255269291373431
"world","freedom",0.255269291373431
"century","challenge",0.253647609123774
"challenge","century",0.253647609123774
"make","good",0.25282707174518
"good","make",0.25282707174518
"american","today",0.25232509919867
"today","american",0.25232509919867
"citizen","people",0.250357051813273
"people","citizen",0.250357051813273
"make","today",0.249331917378317
"today","make",0.249331917378317
"new","make",0.249331917378317
"make","new",0.249331917378317
"own","way",0.249234609624175
"way","own",0.249234609624175
"new","time",0.249197012119228
"time","new",0.249197012119228
"year","life",0.248984911121314
"life","year",0.248984911121314
"land","great",0.24821573373409
"great","land",0.24821573373409
"world","nation",0.248022699428754
"world","do",0.248022699428754
"nation","world",0.248022699428754
"do","world",0.248022699428754
"promise","fellow",0.247784252526307
"man","change",0.247784252526307
"fellow","promise",0.247784252526307
"change","man",0.247784252526307
"own","life",0.246839337579563
"own","be",0.246839337579563
"life","own",0.246839337579563
"be","own",0.246839337579563
"let","history",0.245979772691324
"government","new",0.245979772691324
"history","let",0.245979772691324
"new","government",0.245979772691324
"world","century",0.245783846085652
"century","world",0.245783846085652
"freedom","work",0.238641394921374
"work","freedom",0.238641394921374
"give","child",0.235381123173054
"child","give",0.235381123173054
"new","today",0.235164835164835
"today","new",0.235164835164835
"own","know",0.233353340478779
"know","own",0.233353340478779
"much","have",0.233198885996712
"have","much",0.233198885996712
"come","day",0.231657608695652
"day","come",0.231657608695652
"century","come",0.231657608695652
"come","century",0.231657608695652
"american","century",0.231657608695652
"century","american",0.231657608695652
"own","people",0.231624849368285
"people","own",0.231624849368285
"own","century",0.230447740155199
"freedom","century",0.230447740155199
"century","own",0.230447740155199
"century","freedom",0.230447740155199
"change","day",0.229983255957397
"citizen","come",0.229983255957397
"citizen","american",0.229983255957397
"day","change",0.229983255957397
"generation","promise",0.229983255957397
"come","citizen",0.229983255957397
"american","citizen",0.229983255957397
"promise","generation",0.229983255957397
"work","fellow",0.229755380884974
"work","life",0.229755380884974
"fellow","work",0.229755380884974
"life","work",0.229755380884974
"nation","today",0.228219252220375
"today","nation",0.228219252220375
"new","nation",0.228219252220375
"nation","new",0.228219252220375
"new","good",0.227866357593825
"good","new",0.227866357593825
"own","time",0.225261922075284
"land","time",0.225261922075284
"time","own",0.225261922075284
"time","land",0.225261922075284
"great","way",0.224438916985548
"way","great",0.224438916985548
"world","democracy",0.224291278208696
"democracy","world",0.224291278208696
"make","nation",0.223342643141816
"nation","make",0.223342643141816
"time","good",0.222522738270989
"good","time",0.222522738270989
"new","work",0.221659151994077
"let","work",0.221659151994077
"work","new",0.221659151994077
"work","let",0.221659151994077
"citizen","world",0.221616348607564
"world","citizen",0.221616348607564
"make","people",0.220808484378101
"people","make",0.220808484378101
"new","power",0.220277606770666
"power","new",0.220277606770666
"citizen","new",0.220277606770666
"change","let",0.220277606770666
"let","change",0.220277606770666
"new","citizen",0.220277606770666
"have","hope",0.217647463702215
"hope","have",0.217647463702215
"land","challenge",0.215019259707619
"freedom","challenge",0.215019259707619
"challenge","land",0.215019259707619
"challenge","freedom",0.215019259707619
"be","have",0.214939438744951
"have","be",0.214939438744951
"government","good",0.214705471229194
"good","government",0.214705471229194
"life","time",0.214315984905202
"be","time",0.214315984905202
"time","life",0.214315984905202
"time","be",0.214315984905202
"great","nation",0.214139635660243
"nation","great",0.214139635660243
"world","people",0.213945071637825
"people","world",0.213945071637825
"power","history",0.213022952699991
"promise","history",0.213022952699991
"citizen","history",0.213022952699991
"history","power",0.213022952699991
"land","change",0.213022952699991
"freedom","change",0.213022952699991
"government","change",0.213022952699991
"history","promise",0.213022952699991
"history","citizen",0.213022952699991
"land","citizen",0.213022952699991
"change","land",0.213022952699991
"citizen","land",0.213022952699991
"change","freedom",0.213022952699991
"change","government",0.213022952699991
"change","much",0.212869938034553
"promise","much",0.212869938034553
"much","change",0.212869938034553
"much","promise",0.212869938034553
"land","nation",0.212193046878394
"nation","land",0.212193046878394
"people","today",0.211582395010683
"today","people",0.211582395010683
"do","people",0.211099046156424
"people","do",0.211099046156424
"century","democracy",0.208561626650017
"democracy","century",0.208561626650017
"work","century",0.207061439230749
"century","work",0.207061439230749
"people","challenge",0.205639474653491
"challenge","people",0.205639474653491
"other","work",0.20437034149655
"work","other",0.20437034149655
"make","power",0.202523333759824
"power","make",0.202523333759824
"be","challenge",0.201639651847749
"man","other",0.201639651847749
"challenge","be",0.201639651847749
"other","man",0.201639651847749
"time","have",0.20040373472442
"have","time",0.20040373472442
"land","have",0.1995399968806
"have","land",0.1995399968806
"man","nation",0.199207301006911
"nation","man",0.199207301006911
"generation","today",0.199171870069652
"new","century",0.199171870069652
"century","new",0.199171870069652
"today","generation",0.199171870069652
"man","great",0.197877608912403
"great","man",0.197877608912403
"know","much",0.197435423922951
"much","know",0.197435423922951
"good","know",0.197435423922951
"know","good",0.197435423922951
"give","work",0.1972717743912
"work","give",0.1972717743912
"make","history",0.196220982050319
"history","make",0.196220982050319
"freedom","make",0.196220982050319
"make","freedom",0.196220982050319
"work","great",0.19586503255254
"great","work",0.19586503255254
"land","history",0.195798319327731
"land","own",0.195798319327731
"freedom","own",0.195798319327731
"government","own",0.195798319327731
"history","land",0.195798319327731
"own","land",0.195798319327731
"own","freedom",0.195798319327731
"own","government",0.195798319327731
"power","people",0.195630761592784
"people","power",0.195630761592784
"century","have",0.195300008366314
"have","century",0.195300008366314
"give","let",0.194554450681565
"let","give",0.194554450681565
"world","child",0.193729237260995
"child","world",0.193729237260995
"change","democracy",0.193012817328381
"democracy","change",0.193012817328381
"life","people",0.192419118028067
"people","life",0.192419118028067
"citizen","nation",0.192198591325386
"change","do",0.192198591325386
"do","change",0.192198591325386
"nation","citizen",0.192198591325386
"time","come",0.191355292129815
"come","time",0.191355292129815
"be","century",0.190922822154552
"century","be",0.190922822154552
"today","history",0.186863086989266
"history","today",0.186863086989266
"own","today",0.186863086989266
"freedom","today",0.186863086989266
"own","new",0.186863086989266
"today","own",0.186863086989266
"new","own",0.186863086989266
"today","freedom",0.186863086989266
"nation","way",0.185521579985938
"way","nation",0.185521579985938
"change","fellow",0.184935185558993
"fellow","change",0.184935185558993
"child","do",0.18412032276512
"do","child",0.18412032276512
"know","fellow",0.181335801436652
"fellow","know",0.181335801436652
"citizen","great",0.180406324206305
"great","citizen",0.180406324206305
"own","fellow",0.180146721525457
"government","be",0.180146721525457
"fellow","own",0.180146721525457
"government","man",0.180146721525457
"be","government",0.180146721525457
"man","government",0.180146721525457
"let","nation",0.179910067443799
"new","do",0.179910067443799
"do","new",0.179910067443799
"nation","let",0.179910067443799
"other","nation",0.179224412276612
"nation","other",0.179224412276612
"stand","work",0.178111361807206
"own","work",0.178111361807206
"government","work",0.178111361807206
"work","stand",0.178111361807206
"work","own",0.178111361807206
"work","government",0.178111361807206
"great","come",0.178017790964512
"come","great",0.178017790964512
"know","have",0.177961374730747
"have","know",0.177961374730747
"history","democracy",0.177672196959808
"stand","democracy",0.177672196959808
"democracy","history",0.177672196959808
"democracy","stand",0.177672196959808
"give","democracy",0.176063595595574
"democracy","give",0.176063595595574
"nation","come",0.175969380521112
"come","nation",0.175969380521112
"generation","nation",0.175969380521112
"nation","generation",0.175969380521112
"good","today",0.175420926084135
"today","good",0.175420926084135
"people","history",0.173551760333586
"history","people",0.173551760333586
"much","fellow",0.173418835695816
"good","fellow",0.173418835695816
"fellow","much",0.173418835695816
"life","much",0.173418835695816
"be","much",0.173418835695816
"fellow","good",0.173418835695816
"much","life",0.173418835695816
"much","be",0.173418835695816
"year","do",0.173394995851589
"do","year",0.173394995851589
"century","day",0.172554347826087
"day","century",0.172554347826087
"generation","century",0.172554347826087
"century","generation",0.172554347826087
"other","much",0.171679111437073
"much","other",0.171679111437073
"land","know",0.17069364720207
"know","land",0.17069364720207
"world","challenge",0.168691429785887
"challenge","world",0.168691429785887
"make","do",0.167984210226323
"do","make",0.167984210226323
"world","life",0.166855953117979
"life","world",0.166855953117979
"give","fellow",0.166213472787285
"be","make",0.166213472787285
"man","make",0.166213472787285
"make","be",0.166213472787285
"fellow","give",0.166213472787285
"make","man",0.166213472787285
"time","history",0.165146010355806
"history","time",0.165146010355806
"government","time",0.165146010355806
"time","government",0.165146010355806
"people","day",0.165047117774907
"day","people",0.165047117774907
"generation","history",0.16471346673388
"land","come",0.16471346673388
"land","century",0.16471346673388
"come","land",0.16471346673388
"century","land",0.16471346673388
"generation","land",0.16471346673388
"history","generation",0.16471346673388
"land","generation",0.16471346673388
"freedom","generation",0.16471346673388
"generation","freedom",0.16471346673388
"let","power",0.164567863197852
"power","let",0.164567863197852
"child","work",0.163987811676584
"work","child",0.163987811676584
"work","power",0.163912754704522
"power","work",0.163912754704522
"change","work",0.163912754704522
"work","change",0.163912754704522
"other","power",0.163723041724197
"power","other",0.163723041724197
"year","come",0.163061203268071
"come","year",0.163061203268071
"work","people",0.163033297015691
"people","work",0.163033297015691
"do","great",0.162389223709018
"great","do",0.162389223709018
"know","century",0.161245623091554
"century","know",0.161245623091554
"generation","know",0.161245623091554
"know","generation",0.161245623091554
"freedom","hope",0.16049013371222
"hope","freedom",0.16049013371222
"work","nation",0.160332069407733
"nation","work",0.160332069407733
"make","great",0.159850919721855
"great","make",0.159850919721855
"way","fellow",0.159827235194639
"fellow","way",0.159827235194639
"life","way",0.159827235194639
"way","life",0.159827235194639
"today","democracy",0.159630086801328
"let","democracy",0.159630086801328
"democracy","today",0.159630086801328
"new","way",0.159630086801328
"way","new",0.159630086801328
"democracy","let",0.159630086801328
"great","know",0.15908567744228
"know","great",0.15908567744228
"good","great",0.158857462111417
"great","good",0.158857462111417
"child","have",0.158064516129032
"have","child",0.158064516129032
"other","child",0.157503885271161
"child","other",0.157503885271161
"new","world",0.156028477796034
"world","new",0.156028477796034
"change","power",0.155970149253731
"power","change",0.155970149253731
"nation","history",0.152449373485448
"history","nation",0.152449373485448
"stand","nation",0.152449373485448
"government","do",0.152449373485448
"nation","stand",0.152449373485448
"do","government",0.152449373485448
"let","have",0.152418759341559
"have","let",0.152418759341559
"much","power",0.151748866717701
"power","much",0.151748866717701
"year","today",0.151044904341969
"today","year",0.151044904341969
"good","history",0.149846526795375
"government","much",0.149846526795375
"history","good",0.149846526795375
"own","good",0.149846526795375
"good","own",0.149846526795375
"much","government",0.149846526795375
"world","work",0.149773845820565
"work","world",0.149773845820565
"time","power",0.149768025057804
"power","time",0.149768025057804
"citizen","time",0.149768025057804
"time","citizen",0.149768025057804
"life","fellow",0.148251748251748
"man","fellow",0.148251748251748
"fellow","life",0.148251748251748
"fellow","man",0.148251748251748
"century","today",0.146018640940635
"today","century",0.146018640940635
"generation","new",0.146018640940635
"new","generation",0.146018640940635
"world","know",0.144707190354077
"life","do",0.144707190354077
"do","life",0.144707190354077
"know","world",0.144707190354077
"way","day",0.144218146087778
"way","come",0.144218146087778
"day","way",0.144218146087778
"come","way",0.144218146087778
"give","know",0.144149994031289
"know","give",0.144149994031289
"stand","power",0.144127053499622
"own","power",0.144127053499622
"freedom","power",0.144127053499622
"power","stand",0.144127053499622
"own","promise",0.144127053499622
"power","own",0.144127053499622
"promise","own",0.144127053499622
"power","freedom",0.144127053499622
"do","know",0.141253716925273
"know","do",0.141253716925273
"work","make",0.141184701279976
"make","work",0.141184701279976
"world","come",0.140964264666771
"world","american",0.140964264666771
"come","world",0.140964264666771
"american","world",0.140964264666771
"promise","people",0.140904471372294
"people","promise",0.140904471372294
"own","challenge",0.140192557329368
"own","other",0.140192557329368
"government","other",0.140192557329368
"challenge","own",0.140192557329368
"other","own",0.140192557329368
"other","government",0.140192557329368
"time","democracy",0.140008116647831
"democracy","time",0.140008116647831
"let","new",0.13956043956044
"new","let",0.13956043956044
"be","people",0.13944296844439
"man","people",0.13944296844439
"people","be",0.13944296844439
"people","man",0.13944296844439
"world","history",0.138689614998163
"history","world",0.138689614998163
"give","power",0.138684456813793
"power","give",0.138684456813793
"much","people",0.138569968303886
"good","people",0.138569968303886
"people","much",0.138569968303886
"people","good",0.138569968303886
"child","day",0.137703056746418
"generation","have",0.137703056746418
"child","century",0.137703056746418
"day","child",0.137703056746418
"century","child",0.137703056746418
"have","generation",0.137703056746418
"child","year",0.136658657473034
"year","child",0.136658657473034
"have","power",0.135999660142882
"power","have",0.135999660142882
"citizen","child",0.135999660142882
"child","citizen",0.135999660142882
"nation","power",0.135897993866434
"power","nation",0.135897993866434
"let","hope",0.133686302041202
"hope","let",0.133686302041202
"challenge","fellow",0.133380314451819
"fellow","challenge",0.133380314451819
"give","good",0.132630595013865
"good","give",0.132630595013865
"year","power",0.132450575937428
"power","year",0.132450575937428
"do","today",0.131600882667224
"today","do",0.131600882667224
"come","fellow",0.130957892452581
"life","day",0.130957892452581
"fellow","come",0.130957892452581
"life","come",0.130957892452581
"life","century",0.130957892452581
"be","american",0.130957892452581
"day","life",0.130957892452581
"come","life",0.130957892452581
"century","life",0.130957892452581
"american","be",0.130957892452581
"great","today",0.130078340653853
"today","great",0.130078340653853
"much","democracy",0.129162538800297
"good","democracy",0.129162538800297
"democracy","much",0.129162538800297
"democracy","good",0.129162538800297
"new","history",0.127746401287207
"government","today",0.127746401287207
"history","new",0.127746401287207
"own","let",0.127746401287207
"let","own",0.127746401287207
"today","government",0.127746401287207
"time","great",0.126890157233535
"great","time",0.126890157233535
"make","time",0.126773138209277
"time","make",0.126773138209277
"power","democracy",0.125574604044971
"promise","democracy",0.125574604044971
"democracy","power",0.125574604044971
"way","power",0.125574604044971
"power","way",0.125574604044971
"change","way",0.125574604044971
"way","change",0.125574604044971
"democracy","promise",0.125574604044971
"come","hope",0.124722062789872
"century","hope",0.124722062789872
"hope","come",0.124722062789872
"hope","century",0.124722062789872
"work","today",0.123769069641363
"today","work",0.123769069641363
"other","way",0.123756315547471
"way","other",0.123756315547471
"much","today",0.122975494574445
"today","much",0.122975494574445
"new","much",0.122975494574445
"let","much",0.122975494574445
"much","new",0.122975494574445
"much","let",0.122975494574445
"own","history",0.122689075630252
"government","stand",0.122689075630252
"history","own",0.122689075630252
"stand","government",0.122689075630252
"nation","day",0.122252411730456
"do","day",0.122252411730456
"do","come",0.122252411730456
"day","nation",0.122252411730456
"day","do",0.122252411730456
"come","do",0.122252411730456
"power","fellow",0.122086118591679
"fellow","power",0.122086118591679
"promise","be",0.122086118591679
"be","promise",0.122086118591679
"own","great",0.121560198045727
"freedom","great",0.121560198045727
"government","great",0.121560198045727
"great","own",0.121560198045727
"great","freedom",0.121560198045727
"great","government",0.121560198045727
"do","nation",0.121212121212121
"nation","do",0.121212121212121
"great","century",0.121078276942775
"century","great",0.121078276942775
"good","have",0.119538924754617
"child","much",0.119538924754617
"have","good",0.119538924754617
"much","child",0.119538924754617
"be","work",0.11932047405076
"work","be",0.11932047405076
"come","challenge",0.119090645747138
"american","challenge",0.119090645747138
"generation","challenge",0.119090645747138
"challenge","come",0.119090645747138
"challenge","american",0.119090645747138
"challenge","generation",0.119090645747138
"world","great",0.118392898670986
"great","world",0.118392898670986
"nation","challenge",0.118077259852827
"challenge","nation",0.118077259852827
"new","fellow",0.115914534055959
"let","fellow",0.115914534055959
"life","today",0.115914534055959
"today","life",0.115914534055959
"new","life",0.115914534055959
"fellow","new",0.115914534055959
"life","new",0.115914534055959
"fellow","let",0.115914534055959
"life","good",0.114252409399597
"good","life",0.114252409399597
"man","world",0.113682077948513
"world","man",0.113682077948513
"stand","fellow",0.113454105471352
"be","history",0.113454105471352
"freedom","life",0.113454105471352
"government","life",0.113454105471352
"history","be",0.113454105471352
"land","be",0.113454105471352
"fellow","stand",0.113454105471352
"man","stand",0.113454105471352
"be","land",0.113454105471352
"man","land",0.113454105471352
"stand","man",0.113454105471352
"land","man",0.113454105471352
"life","freedom",0.113454105471352
"life","government",0.113454105471352
"generation","american",0.113451086956522
"american","generation",0.113451086956522
"give","people",0.113187542412304
"people","give",0.113187542412304
"child","people",0.112880939593226
"people","child",0.112880939593226
"world","power",0.111755252716635
"power","world",0.111755252716635
"change","world",0.111755252716635
"world","change",0.111755252716635
"make","democracy",0.109753929721916
"democracy","make",0.109753929721916
"power","today",0.108858119625038
"citizen","today",0.108858119625038
"today","power",0.108858119625038
"today","citizen",0.108858119625038
"world","year",0.108445837975454
"year","world",0.108445837975454
"stand","know",0.108033953925361
"government","know",0.108033953925361
"know","stand",0.108033953925361
"know","government",0.108033953925361
"citizen","work",0.106871116067349
"work","citizen",0.106871116067349
"freedom","democracy",0.106109784295441
"government","way",0.106109784295441
"democracy","freedom",0.106109784295441
"way","government",0.106109784295441
"power","come",0.106091347175394
"promise","come",0.106091347175394
"come","power",0.106091347175394
"century","power",0.106091347175394
"power","century",0.106091347175394
"change","century",0.106091347175394
"century","change",0.106091347175394
"generation","change",0.106091347175394
"come","promise",0.106091347175394
"generation","citizen",0.106091347175394
"change","generation",0.106091347175394
"citizen","generation",0.106091347175394
"know","power",0.105880185108798
"power","know",0.105880185108798
"much","challenge",0.105296521681405
"challenge","much",0.105296521681405
"year","fellow",0.105053434260488
"fellow","year",0.105053434260488
"man","year",0.105053434260488
"year","man",0.105053434260488
"freedom","time",0.105030098636329
"time","freedom",0.105030098636329
"know","come",0.104906790927035
"know","american",0.104906790927035
"come","know",0.104906790927035
"american","know",0.104906790927035
"make","life",0.104416155981756
"give","life",0.104416155981756
"life","make",0.104416155981756
"life","give",0.104416155981756
"time","today",0.1033664736369
"today","time",0.1033664736369
"nation","hope",0.102810978292222
"hope","nation",0.102810978292222
"let","way",0.101764180335846
"way","let",0.101764180335846
"new","child",0.100620196596576
"child","new",0.100620196596576
"good","nation",0.100520397841076
"nation","good",0.100520397841076
"land","year",0.0997456021763038
"government","year",0.0997456021763038
"year","land",0.0997456021763038
"year","government",0.0997456021763038
"history","day",0.0989791933125607
"land","day",0.0989791933125607
"government","day",0.0989791933125607
"day","history",0.0989791933125607
"come","history",0.0989791933125607
"history","come",0.0989791933125607
"own","come",0.0989791933125607
"government","come",0.0989791933125607
"freedom","american",0.0989791933125607
"generation","stand",0.0989791933125607
"come","own",0.0989791933125607
"generation","own",0.0989791933125607
"day","land",0.0989791933125607
"stand","generation",0.0989791933125607
"own","generation",0.0989791933125607
"government","generation",0.0989791933125607
"american","freedom",0.0989791933125607
"day","government",0.0989791933125607
"come","government",0.0989791933125607
"generation","government",0.0989791933125607
"work","american",0.09821343190099
"american","work",0.09821343190099
"have","fellow",0.0980661189273839
"fellow","have",0.0980661189273839
"life","have",0.0980661189273839
"have","life",0.0980661189273839
"child","life",0.0980661189273839
"life","child",0.0980661189273839
"man","child",0.0980661189273839
"child","man",0.0980661189273839
"good","day",0.096523417813168
"much","come",0.096523417813168
"come","much",0.096523417813168
"good","century",0.096523417813168
"good","american",0.096523417813168
"day","good",0.096523417813168
"century","good",0.096523417813168
"american","good",0.096523417813168
"new","challenge",0.0945832098940976
"other","today",0.0945832098940976
"challenge","new",0.0945832098940976
"today","other",0.0945832098940976
"life","democracy",0.0945456884249978
"man","way",0.0945456884249978
"democracy","life",0.0945456884249978
"way","man",0.0945456884249978
"promise","challenge",0.0932086623677359
"challenge","promise",0.0932086623677359
"today","day",0.092865411811617
"new","day",0.092865411811617
"day","today",0.092865411811617
"let","american",0.092865411811617
"day","new",0.092865411811617
"american","let",0.092865411811617
"freedom","nation",0.0927057000925021
"stand","do",0.0927057000925021
"land","do",0.0927057000925021
"freedom","do",0.0927057000925021
"do","stand",0.0927057000925021
"do","land",0.0927057000925021
"nation","freedom",0.0927057000925021
"do","freedom",0.0927057000925021
"have","challenge",0.0919400670003908
"challenge","have",0.0919400670003908
"other","have",0.0919400670003908
"have","other",0.0919400670003908
"let","today",0.0917582417582417
"today","let",0.0917582417582417
"promise","power",0.091044776119403
"promise","change",0.091044776119403
"power","promise",0.091044776119403
"change","promise",0.091044776119403
"good","power",0.0906277954008493
"citizen","much",0.0906277954008493
"power","good",0.0906277954008493
"citizen","good",0.0906277954008493
"much","citizen",0.0906277954008493
"good","citizen",0.0906277954008493
"hope","history",0.0903261054058723
"history","hope",0.0903261054058723
"stand","hope",0.0903261054058723
"land","hope",0.0903261054058723
"hope","stand",0.0903261054058723
"hope","land",0.0903261054058723
"nation","fellow",0.0902070797012425
"do","fellow",0.0902070797012425
"fellow","nation",0.0902070797012425
"be","nation",0.0902070797012425
"fellow","do",0.0902070797012425
"be","do",0.0902070797012425
"man","do",0.0902070797012425
"nation","be",0.0902070797012425
"do","be",0.0902070797012425
"do","man",0.0902070797012425
"generation","world",0.0885544739573305
"world","generation",0.0885544739573305
"give","come",0.0882134941681809
"make","century",0.0882134941681809
"make","american",0.0882134941681809
"century","make",0.0882134941681809
"american","make",0.0882134941681809
"come","give",0.0882134941681809
"generation","give",0.0882134941681809
"give","generation",0.0882134941681809
"year","people",0.0878746359000099
"people","year",0.0878746359000099
"man","life",0.0874125874125874
"life","man",0.0874125874125874
"make","know",0.0860895797686867
"know","make",0.0860895797686867
"give","new",0.0849995172880626
"new","give",0.0849995172880626
"own","much",0.084987582361556
"land","good",0.084987582361556
"much","own",0.084987582361556
"good","land",0.084987582361556
"great","have",0.0848270180514332
"have","great",0.0848270180514332
"child","great",0.0848270180514332
"great","child",0.0848270180514332
"time","century",0.0832519777447898
"time","american",0.0832519777447898
"century","time",0.0832519777447898
"american","time",0.0832519777447898
"time","way",0.0811641255929457
"way","time",0.0811641255929457
"work","challenge",0.0804663713906278
"challenge","work",0.0804663713906278
"stand","world",0.0803997768105293
"world","stand",0.0803997768105293
"have","day",0.0801061051265219
"day","have",0.0801061051265219
"american","have",0.0801061051265219
"have","american",0.0801061051265219
"generation","child",0.0801061051265219
"child","generation",0.0801061051265219
"generation","democracy",0.0798746655255384
"way","century",0.0798746655255384
"way","american",0.0798746655255384
"century","way",0.0798746655255384
"american","way",0.0798746655255384
"democracy","generation",0.0798746655255384
"year","much",0.0796404767399394
"much","year",0.0796404767399394
"do","power",0.0795973964074831
"promise","nation",0.0795973964074831
"power","do",0.0795973964074831
"nation","promise",0.0795973964074831
"good","much",0.0793650793650794
"much","good",0.0793650793650794
"great","challenge",0.0789705400655761
"challenge","great",0.0789705400655761
"other","great",0.0789705400655761
"great","other",0.0789705400655761
"make","challenge",0.0788977128601799
"challenge","make",0.0788977128601799
"other","make",0.0788977128601799
"make","other",0.0788977128601799
"work","much",0.0777713771047819
"work","good",0.0777713771047819
"much","work",0.0777713771047819
"good","work",0.0777713771047819
"promise","child",0.0756324640590515
"child","promise",0.0756324640590515
"land","power",0.0752311542992532
"government","power",0.0752311542992532
"own","change",0.0752311542992532
"freedom","citizen",0.0752311542992532
"change","own",0.0752311542992532
"power","land",0.0752311542992532
"citizen","freedom",0.0752311542992532
"power","government",0.0752311542992532
"promise","make",0.0748455798677612
"citizen","make",0.0748455798677612
"citizen","give",0.0748455798677612
"make","promise",0.0748455798677612
"make","citizen",0.0748455798677612
"give","citizen",0.0748455798677612
"hope","democracy",0.0734160296013882
"democracy","hope",0.0734160296013882
"give","much",0.0725323566482074
"much","give",0.0725323566482074
"work","hope",0.071445957422405
"hope","work",0.071445957422405
"have","history",0.0714220653041261
"history","have",0.0714220653041261
"own","have",0.0714220653041261
"freedom","have",0.0714220653041261
"freedom","child",0.0714220653041261
"have","own",0.0714220653041261
"have","freedom",0.0714220653041261
"child","freedom",0.0714220653041261
"be","day",0.0709929627506096
"man","day",0.0709929627506096
"man","century",0.0709929627506096
"day","be",0.0709929627506096
"day","man",0.0709929627506096
"century","man",0.0709929627506096
"let","people",0.0707073820061212
"people","let",0.0707073820061212
"let","good",0.0705300630647554
"good","let",0.0705300630647554
"stand","new",0.0686297155851484
"government","let",0.0686297155851484
"new","stand",0.0686297155851484
"let","government",0.0686297155851484
"time","challenge",0.068600334706873
"challenge","time",0.068600334706873
"nation","american",0.0685354429398013
"do","american",0.0685354429398013
"american","nation",0.0685354429398013
"american","do",0.0685354429398013
"child","know",0.0681554201096478
"know","child",0.0681554201096478
"man","know",0.0670154048787627
"know","man",0.0670154048787627
"know","challenge",0.0663431115542844
"challenge","know",0.0663431115542844
"life","challenge",0.0651209770558879
"challenge","life",0.0651209770558879
"great","american",0.0641387629210376
"american","great",0.0641387629210376
"man","work",0.0641030206336529
"work","man",0.0641030206336529
"today","fellow",0.0619863818481061
"fellow","today",0.0619863818481061
"man","let",0.0619863818481061
"let","man",0.0619863818481061
"promise","great",0.0610500488758979
"great","promise",0.0610500488758979
"own","make",0.0607350658727176
"government","make",0.0607350658727176
"own","give",0.0607350658727176
"government","give",0.0607350658727176
"make","own",0.0607350658727176
"give","own",0.0607350658727176
"make","government",0.0607350658727176
"give","government",0.0607350658727176
"change","life",0.059237051624365
"citizen","life",0.059237051624365
"change","be",0.059237051624365
"life","change",0.059237051624365
"be","change",0.059237051624365
"life","citizen",0.059237051624365
"man","citizen",0.059237051624365
"citizen","man",0.059237051624365
"people","hope",0.0582960717835835
"hope","people",0.0582960717835835
"promise","way",0.0581363907615607
"way","promise",0.0581363907615607
"promise","year",0.058107349443517
"year","promise",0.058107349443517
"work","have",0.0579139111868978
"have","work",0.0579139111868978
"know","today",0.0576556660197055
"today","know",0.0576556660197055
"make","have",0.0573101865117002
"give","have",0.0573101865117002
"have","make",0.0573101865117002
"have","give",0.0573101865117002
"land","work",0.0570512955788706
"work","land",0.0570512955788706
"promise","world",0.0568247047711702
"world","promise",0.0568247047711702
"year","time",0.0551759650548097
"time","year",0.0551759650548097
"time","know",0.0550768517251993
"know","time",0.0550768517251993
"let","time",0.0547562941427901
"time","let",0.0547562941427901
"american","day",0.0543478260869565
"generation","come",0.0543478260869565
"day","american",0.0543478260869565
"come","generation",0.0543478260869565
"promise","today",0.0531483760522246
"promise","let",0.0531483760522246
"today","promise",0.0531483760522246
"let","promise",0.0531483760522246
"world","way",0.0531216185231121
"way","world",0.0531216185231121
"child","democracy",0.0518926500077293
"way","have",0.0518926500077293
"have","way",0.0518926500077293
"child","way",0.0518926500077293
"democracy","child",0.0518926500077293
"way","child",0.0518926500077293
"other","day",0.0518121640588197
"day","other",0.0518121640588197
"generation","other",0.0518121640588197
"other","generation",0.0518121640588197
"challenge","democracy",0.0505127818561108
"democracy","challenge",0.0505127818561108
"way","challenge",0.0505127818561108
"challenge","way",0.0505127818561108
"government","history",0.0495798319327731
"freedom","stand",0.0495798319327731
"government","land",0.0495798319327731
"stand","freedom",0.0495798319327731
"history","government",0.0495798319327731
"land","government",0.0495798319327731
"child","today",0.0488216338515932
"new","have",0.0488216338515932
"today","child",0.0488216338515932
"have","new",0.0488216338515932
"nation","much",0.0475187335248722
"do","much",0.0475187335248722
"much","nation",0.0475187335248722
"much","do",0.0475187335248722
"history","fellow",0.0467614894172463
"land","fellow",0.0467614894172463
"freedom","fellow",0.0467614894172463
"fellow","history",0.0467614894172463
"life","history",0.0467614894172463
"man","history",0.0467614894172463
"history","life",0.0467614894172463
"freedom","be",0.0467614894172463
"fellow","land",0.0467614894172463
"history","man",0.0467614894172463
"fellow","freedom",0.0467614894172463
"be","freedom",0.0467614894172463
"make","year",0.0453718718511805
"year","make",0.0453718718511805
"year","nation",0.0444602553465613
"nation","year",0.0444602553465613
"year","know",0.0442987937394088
"know","year",0.0442987937394088
"power","day",0.044145392784392
"change","come",0.044145392784392
"day","power",0.044145392784392
"american","power",0.044145392784392
"promise","century",0.044145392784392
"power","american",0.044145392784392
"come","change",0.044145392784392
"century","promise",0.044145392784392
"new","democracy",0.0438982738703651
"democracy","new",0.0438982738703651
"make","way",0.0434442638482585
"give","way",0.0434442638482585
"way","make",0.0434442638482585
"way","give",0.0434442638482585
"make","fellow",0.0426188391762268
"fellow","make",0.0426188391762268
"man","give",0.0426188391762268
"give","man",0.0426188391762268
"time","nation",0.0423497723011324
"time","do",0.0423497723011324
"nation","time",0.0423497723011324
"do","time",0.0423497723011324
"power","hope",0.0418002648473171
"hope","power",0.0418002648473171
"world","have",0.04050702233639
"have","world",0.04050702233639
"let","day",0.0397121826825994
"new","come",0.0397121826825994
"come","new",0.0397121826825994
"day","let",0.0397121826825994
"generation","let",0.0397121826825994
"let","generation",0.0397121826825994
"child","fellow",0.0396294590186003
"fellow","child",0.0396294590186003
"good","come",0.0382071862177123
"century","much",0.0382071862177123
"american","much",0.0382071862177123
"much","century",0.0382071862177123
"much","american",0.0382071862177123
"come","good",0.0382071862177123
"life","nation",0.0357069690484085
"nation","life",0.0357069690484085
"let","do",0.0349825131140721
"do","let",0.0349825131140721
"way","history",0.0345473716310737
"history","way",0.0345473716310737
"stand","way",0.0345473716310737
"land","way",0.0345473716310737
"way","stand",0.0345473716310737
"way","land",0.0345473716310737
"other","new",0.0340777741530204
"new","other",0.0340777741530204
"let","other",0.0340777741530204
"other","let",0.0340777741530204
"people","fellow",0.0334906692770369
"fellow","people",0.0334906692770369
"own","day",0.0332449198912417
"stand","century",0.0332449198912417
"government","century",0.0332449198912417
"century","stand",0.0332449198912417
"day","own",0.0332449198912417
"century","government",0.0332449198912417
"do","history",0.0329620266995563
"history","do",0.0329620266995563
"own","do",0.0329620266995563
"do","own",0.0329620266995563
"work","time",0.029748984767207
"time","work",0.029748984767207
"promise","good",0.0295067240839975
"good","promise",0.0295067240839975
"democracy","fellow",0.0292641416553565
"fellow","democracy",0.0292641416553565
"time","day",0.029200320552277
"day","time",0.029200320552277
"generation","time",0.029200320552277
"time","generation",0.029200320552277
"make","come",0.0273041767663417
"come","make",0.0273041767663417
"nation","have",0.0270765180536941
"have","nation",0.0270765180536941
"child","nation",0.0270765180536941
"nation","child",0.0270765180536941
"world","hope",0.0270063014706494
"hope","world",0.0270063014706494
"make","hope",0.0269023134667727
"give","hope",0.0269023134667727
"hope","make",0.0269023134667727
"hope","give",0.0269023134667727
"be","fellow",0.0265734265734265
"fellow","be",0.0265734265734265
"know","democracy",0.0253795662542294
"democracy","know",0.0253795662542294
"life","great",0.0245686964085869
"be","great",0.0245686964085869
"great","life",0.0245686964085869
"great","be",0.0245686964085869
"new","year",0.0234632861113739
"year","new",0.0234632861113739
"citizen","do",0.0232967989485317
"do","citizen",0.0232967989485317
"power","challenge",0.0226942830112748
"change","challenge",0.0226942830112748
"citizen","challenge",0.0226942830112748
"challenge","power",0.0226942830112748
"change","other",0.0226942830112748
"challenge","change",0.0226942830112748
"other","change",0.0226942830112748
"challenge","citizen",0.0226942830112748
"child","come",0.022509153506626
"come","child",0.022509153506626
"own","world",0.0221099386228955
"land","world",0.0221099386228955
"world","own",0.0221099386228955
"world","land",0.0221099386228955
"generation","year",0.0211979564248492
"year","generation",0.0211979564248492
"own","hope",0.020162077099525
"government","hope",0.020162077099525
"hope","own",0.020162077099525
"hope","government",0.020162077099525
"stand","much",0.0201286379277369
"freedom","much",0.0201286379277369
"much","stand",0.0201286379277369
"much","freedom",0.0201286379277369
"way","democracy",0.0193236714975845
"democracy","way",0.0193236714975845
"democracy","day",0.0155311849632991
"day","democracy",0.0155311849632991
"come","democracy",0.0155311849632991
"american","democracy",0.0155311849632991
"democracy","come",0.0155311849632991
"democracy","american",0.0155311849632991
"generation","way",0.0155311849632991
"way","generation",0.0155311849632991
"change","have",0.0152652679752214
"have","change",0.0152652679752214
"do","century",0.0148184741491463
"century","do",0.0148184741491463
"hope","fellow",0.0125068990898454
"fellow","hope",0.0125068990898454
"life","hope",0.0125068990898454
"man","hope",0.0125068990898454
"hope","life",0.0125068990898454
"hope","man",0.0125068990898454
"world","much",0.0124821810315683
"much","world",0.0124821810315683
"make","much",0.0124341182825498
"much","make",0.0124341182825498
"be","come",0.0110280330486383
"life","american",0.0110280330486383
"man","american",0.0110280330486383
"american","life",0.0110280330486383
"come","be",0.0110280330486383
"american","man",0.0110280330486383
"promise","give",0.0110067029217296
"give","promise",0.0110067029217296
"nation","democracy",0.0100826945644532
"democracy","nation",0.0100826945644532
"be","know",0.009855206599818
"know","be",0.009855206599818
"year","good",0.00965339111999267
"good","year",0.00965339111999267
"give","other",0.00956335913456726
"other","give",0.00956335913456726
"stand","today",0.00951302988308986
"stand","let",0.00951302988308986
"freedom","let",0.00951302988308986
"today","stand",0.00951302988308986
"let","stand",0.00951302988308986
"let","freedom",0.00951302988308986
"let","life",0.00805822964025375
"let","be",0.00805822964025375
"life","let",0.00805822964025375
"be","let",0.00805822964025375
"year","democracy",0.00798833489702045
"democracy","year",0.00798833489702045
"stand","child",0.0073630995158893
"child","stand",0.0073630995158893
"world","fellow",0.00733432760958145
"fellow","world",0.00733432760958145
"generation","great",0.00719924889930012
"great","generation",0.00719924889930012
"change","stand",0.00633525509888444
"citizen","stand",0.00633525509888444
"stand","change",0.00633525509888444
"stand","citizen",0.00633525509888444
"own","citizen",0.00633525509888444
"government","citizen",0.00633525509888444
"citizen","own",0.00633525509888444
"citizen","government",0.00633525509888444
"child","good",0.00587896351252218
"good","child",0.00587896351252218
"other","challenge",0.00440140845070423
"challenge","other",0.00440140845070423
"way","much",0.00218919557288638
"much","way",0.00218919557288638
"good","way",0.00218919557288638
"way","good",0.00218919557288638
"give","nation",0.00190891147984462
"nation","give",0.00190891147984462
"great","power",0.00137191121069429
"power","great",0.00137191121069429
"stand","people",-0.000667506770513771
"people","stand",-0.000667506770513771
"american","hope",-0.00145025654406829
"generation","hope",-0.00145025654406829
"hope","american",-0.00145025654406829
"hope","generation",-0.00145025654406829
"year","have",-0.00158905415666319
"have","year",-0.00158905415666319
"child","make",-0.00204679237541791
"make","child",-0.00204679237541791
"let","child",-0.00297692889338983
"child","let",-0.00297692889338983
"man","challenge",-0.00313836034004282
"challenge","man",-0.00313836034004282
"work","history",-0.00347873753529705
"history","work",-0.00347873753529705
"man","power",-0.00361201534294909
"power","man",-0.00361201534294909
"be","good",-0.00408044319284277
"good","be",-0.00408044319284277
"do","challenge",-0.00421704499474379
"challenge","do",-0.00421704499474379
"other","do",-0.00421704499474379
"do","other",-0.00421704499474379
"year","hope",-0.00435124261906633
"hope","year",-0.00435124261906633
"generation","day",-0.00475543478260871
"american","come",-0.00475543478260871
"come","american",-0.00475543478260871
"day","generation",-0.00475543478260871
"time","fellow",-0.00504272905659304
"fellow","time",-0.00504272905659304
"great","history",-0.00509533764263529
"history","great",-0.00509533764263529
"do","good",-0.00548293079133143
"good","do",-0.00548293079133143
"stand","make",-0.00700789221608284
"make","stand",-0.00700789221608284
"give","stand",-0.00700789221608284
"stand","give",-0.00700789221608284
"freedom","give",-0.00700789221608284
"give","freedom",-0.00700789221608284
"citizen","democracy",-0.00930182252184967
"democracy","citizen",-0.00930182252184967
"challenge","history",-0.00946084742713521
"history","challenge",-0.00946084742713521
"stand","challenge",-0.00946084742713521
"government","challenge",-0.00946084742713521
"stand","other",-0.00946084742713521
"challenge","stand",-0.00946084742713521
"other","stand",-0.00946084742713521
"challenge","government",-0.00946084742713521
"other","world",-0.0102860627918224
"world","other",-0.0102860627918224
"work","day",-0.0106345754287696
"day","work",-0.0106345754287696
"have","democracy",-0.0108109687516102
"democracy","have",-0.0108109687516102
"let","come",-0.0134410464464183
"let","century",-0.0134410464464183
"come","let",-0.0134410464464183
"century","let",-0.0134410464464183
"much","hope",-0.0150249191017605
"hope","much",-0.0150249191017605
"other","century",-0.0154663176294984
"century","other",-0.0154663176294984
"change","year",-0.0162358770503945
"citizen","year",-0.0162358770503945
"year","change",-0.0162358770503945
"year","citizen",-0.0162358770503945
"world","day",-0.0162651074615506
"day","world",-0.0162651074615506
"know","history",-0.0172854326280578
"history","know",-0.0172854326280578
"freedom","know",-0.0172854326280578
"know","freedom",-0.0172854326280578
"promise","day",-0.0178005616066097
"citizen","century",-0.0178005616066097
"promise","american",-0.0178005616066097
"day","promise",-0.0178005616066097
"american","promise",-0.0178005616066097
"century","citizen",-0.0178005616066097
"give","be",-0.0191784776293022
"be","give",-0.0191784776293022
"government","fellow",-0.0199311266368592
"land","life",-0.0199311266368592
"life","land",-0.0199311266368592
"freedom","man",-0.0199311266368592
"man","freedom",-0.0199311266368592
"fellow","government",-0.0199311266368592
"generation","much",-0.0201090453777433
"much","generation",-0.0201090453777433
"stand","history",-0.0235294117647059
"history","stand",-0.0235294117647059
"own","stand",-0.0235294117647059
"stand","own",-0.0235294117647059
"government","freedom",-0.0235294117647059
"freedom","government",-0.0235294117647059
"change","hope",-0.0243201540929845
"hope","change",-0.0243201540929845
"let","make",-0.0245554161054403
"make","let",-0.0245554161054403
"let","challenge",-0.0264276615880567
"challenge","let",-0.0264276615880567
"people","democracy",-0.0274421193159653
"democracy","people",-0.0274421193159653
"give","year",-0.0277272550201658
"year","give",-0.0277272550201658
"child","hope",-0.0282659043769111
"hope","child",-0.0282659043769111
"other","people",-0.0321098183013757
"people","other",-0.0321098183013757
"freedom","day",-0.0324893535300772
"stand","american",-0.0324893535300772
"own","american",-0.0324893535300772
"government","american",-0.0324893535300772
"american","stand",-0.0324893535300772
"american","own",-0.0324893535300772
"day","freedom",-0.0324893535300772
"american","government",-0.0324893535300772
"let","world",-0.0325059328741737
"world","let",-0.0325059328741737
"great","fellow",-0.0332009410926851
"fellow","great",-0.0332009410926851
"make","day",-0.0336051406354975
"give","day",-0.0336051406354975
"give","century",-0.0336051406354975
"give","american",-0.0336051406354975
"day","make",-0.0336051406354975
"day","give",-0.0336051406354975
"century","give",-0.0336051406354975
"american","give",-0.0336051406354975
"man","be",-0.0342657342657343
"be","man",-0.0342657342657343
"child","american",-0.0350877981132699
"american","child",-0.0350877981132699
"challenge","hope",-0.0354934351086651
"other","hope",-0.0354934351086651
"hope","challenge",-0.0354934351086651
"hope","other",-0.0354934351086651
"man","democracy",-0.0360174051142849
"democracy","man",-0.0360174051142849
"government","world",-0.0361798995647383
"world","government",-0.0361798995647383
"today","hope",-0.0365191849478406
"hope","today",-0.0365191849478406
"own","democracy",-0.0370150410332932
"land","democracy",-0.0370150410332932
"freedom","way",-0.0370150410332932
"democracy","own",-0.0370150410332932
"democracy","land",-0.0370150410332932
"way","freedom",-0.0370150410332932
"citizen","power",-0.0388059701492537
"power","citizen",-0.0388059701492537
"be","year",-0.0388780426003381
"year","be",-0.0388780426003381
"child","challenge",-0.0391875695411501
"challenge","child",-0.0391875695411501
"world","good",-0.0392297118135004
"good","world",-0.0392297118135004
"give","time",-0.0403369076120429
"time","give",-0.0403369076120429
"much","history",-0.0447303065060821
"history","much",-0.0447303065060821
"land","much",-0.0447303065060821
"stand","good",-0.0447303065060821
"freedom","good",-0.0447303065060821
"good","stand",-0.0447303065060821
"much","land",-0.0447303065060821
"good","freedom",-0.0447303065060821
"child","power",-0.0451019281086087
"power","child",-0.0451019281086087
"change","child",-0.0451019281086087
"child","change",-0.0451019281086087
"be","today",-0.0458699225675986
"today","be",-0.0458699225675986
"year","challenge",-0.0464039970753764
"challenge","year",-0.0464039970753764
"other","year",-0.0464039970753764
"year","other",-0.0464039970753764
"life","know",-0.0473049916791267
"know","life",-0.0473049916791267
"citizen","other",-0.0478200963451863
"other","citizen",-0.0478200963451863
"do","democracy",-0.0483969339093751
"democracy","do",-0.0483969339093751
"day","fellow",-0.048936896653333
"century","fellow",-0.048936896653333
"fellow","day",-0.048936896653333
"fellow","century",-0.048936896653333
"generation","life",-0.048936896653333
"life","generation",-0.048936896653333
"land","let",-0.0496036558189687
"let","land",-0.0496036558189687
"year","day",-0.0497336669967617
"day","year",-0.0497336669967617
"be","hope",-0.0514989962523049
"hope","be",-0.0514989962523049
"give","change",-0.052832174024302
"change","give",-0.052832174024302
"give","do",-0.0534495214356482
"do","give",-0.0534495214356482
"other","time",-0.0544559357982394
"time","other",-0.0544559357982394
"have","today",-0.0547754916383728
"today","have",-0.0547754916383728
"stand","have",-0.0566958662723475
"own","child",-0.0566958662723475
"land","child",-0.0566958662723475
"government","child",-0.0566958662723475
"have","stand",-0.0566958662723475
"child","own",-0.0566958662723475
"child","land",-0.0566958662723475
"child","government",-0.0566958662723475
"time","hope",-0.0570309834269455
"hope","time",-0.0570309834269455
"year","history",-0.0580338049025768
"history","year",-0.0580338049025768
"own","year",-0.0580338049025768
"freedom","year",-0.0580338049025768
"year","own",-0.0580338049025768
"year","freedom",-0.0580338049025768
"give","challenge",-0.0597709945910454
"challenge","give",-0.0597709945910454
"other","know",-0.0619202374506655
"know","other",-0.0619202374506655
"promise","stand",-0.0625606441014843
"stand","promise",-0.0625606441014843
"government","promise",-0.0625606441014843
"promise","government",-0.0625606441014843
"child","time",-0.0629667323605427
"time","child",-0.0629667323605427
"man","much",-0.0632468694890625
"man","good",-0.0632468694890625
"much","man",-0.0632468694890625
"good","man",-0.0632468694890625
"know","day",-0.0641097055665216
"day","know",-0.0641097055665216
"hope","day",-0.0645364162110384
"day","hope",-0.0645364162110384
"work","year",-0.0645651468174296
"year","work",-0.0645651468174296
"work","come",-0.0650585790936493
"come","work",-0.0650585790936493
"great","much",-0.0658677281925386
"much","great",-0.0658677281925386
"promise","life",-0.0664610823102632
"life","promise",-0.0664610823102632
"man","promise",-0.0664610823102632
"promise","man",-0.0664610823102632
"come","today",-0.066594275575436
"today","come",-0.066594275575436
"give","make",-0.0670995670995671
"make","give",-0.0670995670995671
"do","hope",-0.0691996969274572
"hope","do",-0.0691996969274572
"other","fellow",-0.0713976977359736
"fellow","other",-0.0713976977359736
"give","history",-0.0747508503048833
"history","give",-0.0747508503048833
"let","great",-0.0747509016427122
"great","let",-0.0747509016427122
"give","great",-0.0748668864520083
"great","give",-0.0748668864520083
"stand","time",-0.075317636522104
"time","stand",-0.075317636522104
"give","world",-0.0763608183623943
"world","give",-0.0763608183623943
"be","child",-0.0772438607989668
"child","be",-0.0772438607989668
"good","hope",-0.0772710125233397
"hope","good",-0.0772710125233397
"generation","good",-0.078425276973199
"good","generation",-0.078425276973199
"challenge","day",-0.0827447993178166
"day","challenge",-0.0827447993178166
"other","american",-0.0827447993178166
"american","other",-0.0827447993178166
"work","democracy",-0.0837663231918927
"democracy","work",-0.0837663231918927
"other","history",-0.0842875498053866
"history","other",-0.0842875498053866
"freedom","other",-0.0842875498053866
"other","freedom",-0.0842875498053866
"great","democracy",-0.0855005398040183
"democracy","great",-0.0855005398040183
"stand","life",-0.0866237426909647
"life","stand",-0.0866237426909647
"citizen","hope",-0.0904405730332861
"hope","citizen",-0.0904405730332861
"generation","do",-0.0926154634321639
"do","generation",-0.0926154634321639
"good","challenge",-0.0938512475855999
"challenge","good",-0.0938512475855999
"other","good",-0.0938512475855999
"good","other",-0.0938512475855999
"generation","make",-0.0945144580373367
"make","generation",-0.0945144580373367
"land","stand",-0.0966386554621849
"stand","land",-0.0966386554621849
"stand","day",-0.0982236269513962
"century","history",-0.0982236269513962
"stand","come",-0.0982236269513962
"freedom","come",-0.0982236269513962
"history","century",-0.0982236269513962
"day","stand",-0.0982236269513962
"come","stand",-0.0982236269513962
"come","freedom",-0.0982236269513962
"be","world",-0.09901342272935
"world","be",-0.09901342272935
"be","democracy",-0.101298951883926
"democracy","be",-0.101298951883926
"generation","fellow",-0.108901826355304
"man","come",-0.108901826355304
"generation","be",-0.108901826355304
"fellow","generation",-0.108901826355304
"be","generation",-0.108901826355304
"come","man",-0.108901826355304
"world","time",-0.112388250636438
"time","world",-0.112388250636438
"man","time",-0.114722086037491
"time","man",-0.114722086037491
"generation","work",-0.119482582758529
"work","generation",-0.119482582758529
"year","century",-0.120665290418373
"year","american",-0.120665290418373
"century","year",-0.120665290418373
"american","year",-0.120665290418373
"government","have",-0.120754832060584
"have","government",-0.120754832060584
"promise","work",-0.121295438481347
"work","promise",-0.121295438481347
"citizen","be",-0.129310149277577
"be","citizen",-0.129310149277577
"way","today",-0.129699445526079
"today","way",-0.129699445526079
"do","have",-0.129967286657732
"have","do",-0.129967286657732
"stand","great",-0.131750873330998
"great","stand",-0.131750873330998
"man","have",-0.13568052070775
"have","man",-0.13568052070775
"much","day",-0.136741508568655
"day","much",-0.136741508568655
"generation","power",-0.141692470388613
"power","generation",-0.141692470388613
"land","give",-0.142493808393684
"give","land",-0.142493808393684
"promise","do",-0.145604993428323
"do","promise",-0.145604993428323
"year","way",-0.146452806445375
"way","year",-0.146452806445375
"year","great",-0.14923701766397
"great","year",-0.14923701766397
"new","hope",-0.149989509607202
"hope","new",-0.149989509607202
"other","come",-0.150023281006135
"come","other",-0.150023281006135
"stand","be",-0.15331635874507
"be","stand",-0.15331635874507
"promise","hope",-0.156560991973588
"hope","promise",-0.156560991973588
"great","hope",-0.162769516228057
"hope","great",-0.162769516228057
"let","year",-0.167909141234519
"year","let",-0.167909141234519
"american","fellow",-0.168866756057276
"fellow","american",-0.168866756057276
"other","democracy",-0.169217819217971
"democracy","other",-0.169217819217971
"know","hope",-0.174185410627704
"hope","know",-0.174185410627704
"government","democracy",-0.180139866362027
"democracy","government",-0.180139866362027
"promise","other",-0.188848855058108
"other","promise",-0.188848855058108
"give","today",-0.188887816195695
"today","give",-0.188887816195695
"land","other",-0.233940954561889
"other","land",-0.233940954561889
"child","history",-0.248872763637058
"history","child",-0.248872763637058
"way","hope",-0.269981528211557
"hope","way",-0.269981528211557
